{
  "main": {
    "id": "df9a46b1686ae380",
    "type": "split",
    "children": [
      {
        "id": "d6840cd9333b3fae",
        "type": "tabs",
        "children": [
          {
            "id": "06673fabb90e222a",
            "type": "leaf",
            "state": {
              "type": "markdown",
              "state": {
                "file": "Fluxo de Funcionamento para o MQTT (Recarga de Carros Elétricos).md",
                "mode": "source",
                "source": false
              },
              "icon": "lucide-file",
              "title": "Fluxo de Funcionamento para o MQTT (Recarga de Carros Elétricos)"
            }
          },
          {
            "id": "436f716e8cc35881",
            "type": "leaf",
            "state": {
              "type": "markdown",
              "state": {
                "file": "REST API.md",
                "mode": "source",
                "source": false
              },
              "icon": "lucide-file",
              "title": "REST API"
            }
          }
        ],
        "currentTab": 1
      }
    ],
    "direction": "vertical"
  },
  "left": {
    "id": "ceee4ddfc6ccb904",
    "type": "split",
    "children": [
      {
        "id": "2af9e61f700e717d",
        "type": "tabs",
        "children": [
          {
            "id": "00b1fcdd94a1a323",
            "type": "leaf",
            "state": {
              "type": "file-explorer",
              "state": {
                "sortOrder": "alphabetical",
                "autoReveal": false
              },
              "icon": "lucide-folder-closed",
              "title": "Explorador de arquivos"
            }
          },
          {
            "id": "d49b45f9d6e8db6c",
            "type": "leaf",
            "state": {
              "type": "search",
              "state": {
                "query": "",
                "matchingCase": false,
                "explainSearch": false,
                "collapseAll": false,
                "extraContext": false,
                "sortOrder": "alphabetical"
              },
              "icon": "lucide-search",
              "title": "Procurar"
            }
          },
          {
            "id": "0b5d83adb1bb67b3",
            "type": "leaf",
            "state": {
              "type": "bookmarks",
              "state": {},
              "icon": "lucide-bookmark",
              "title": "Marcadores"
            }
          }
        ]
      }
    ],
    "direction": "horizontal",
    "width": 300
  },
  "right": {
    "id": "d8e9c00deea47a71",
    "type": "split",
    "children": [
      {
        "id": "3a48f44b4f6a735f",
        "type": "tabs",
        "children": [
          {
            "id": "5478f59960b021c9",
            "type": "leaf",
            "state": {
              "type": "backlink",
              "state": {
                "file": "Fluxo de Funcionamento para o MQTT (Recarga de Carros Elétricos).md",
                "collapseAll": false,
                "extraContext": false,
                "sortOrder": "alphabetical",
                "showSearch": false,
                "searchQuery": "",
                "backlinkCollapsed": false,
                "unlinkedCollapsed": true
              },
              "icon": "links-coming-in",
              "title": "Links inversos para Fluxo de Funcionamento para o MQTT (Recarga de Carros Elétricos)"
            }
          },
          {
            "id": "50ac97f19498cb95",
            "type": "leaf",
            "state": {
              "type": "outgoing-link",
              "state": {
                "file": "Fluxo de Funcionamento para o MQTT (Recarga de Carros Elétricos).md",
                "linksCollapsed": false,
                "unlinkedCollapsed": true
              },
              "icon": "links-going-out",
              "title": "Links de saída para Fluxo de Funcionamento para o MQTT (Recarga de Carros Elétricos)"
            }
          },
          {
            "id": "518692f27eefd6b4",
            "type": "leaf",
            "state": {
              "type": "tag",
              "state": {
                "sortOrder": "frequency",
                "useHierarchy": true,
                "showSearch": false,
                "searchQuery": ""
              },
              "icon": "lucide-tags",
              "title": "Tags"
            }
          },
          {
            "id": "0cd0c6e4f762eac8",
            "type": "leaf",
            "state": {
              "type": "outline",
              "state": {
                "file": "Fluxo de Funcionamento para o MQTT (Recarga de Carros Elétricos).md",
                "followCursor": false,
                "showSearch": false,
                "searchQuery": ""
              },
              "icon": "lucide-list",
              "title": "Sumário de Fluxo de Funcionamento para o MQTT (Recarga de Carros Elétricos)"
            }
          }
        ]
      }
    ],
    "direction": "horizontal",
    "width": 300,
    "collapsed": true
  },
  "left-ribbon": {
    "hiddenItems": {
      "switcher:Abrir a troca rápida": false,
      "graph:Abrir visualização em gráfico": false,
      "canvas:Criar novo canvas": false,
      "daily-notes:Abrir a nota de hoje": false,
      "templates:Inserir modelo": false,
      "command-palette:Abrir paleta de comandos": false
    }
  },
  "active": "436f716e8cc35881",
  "lastOpenFiles": [
    "MQTT/go.sum",
    "MQTT/go.mod",
    "MQTT/utils/data/Bahia.json",
    "MQTT/utils/Rotas/Routes/rotas.go",
    "MQTT/utils/Rotas/Routes",
    "Topicos MQTT.md",
    "REST API.md",
    "MQTT/mosquitto.conf",
    "MQTT/Servidor/Dockerfile",
    "MQTT/Carro/Dockerfile",
    "MQTT/docker-compose.yml",
    "MQTT/mqttLib/Router/router.go",
    "MQTT/mqttLib/Router",
    "Fluxo de Funcionamento para o MQTT (Recarga de Carros Elétricos).md"
  ]
}