{
  "Cidades": {
    "Feira de Santana": { "x": 97.67, "y": 200.0 },
    "Salvador": { "x": 152.0, "y": 249.0 },
    "Ilheus": { "x": 300.67, "y": 101.0 }
  },
  "Rotas": {
    "Rota1": ["feiradesantana", "salvador", "ilheus"],
    "Rota2": ["feiradeSantana", "ilheus", "salvador"],
    "Rota3": ["salvador", "feiradeSantana", "ilheus"],
    "Rota4": ["salvador", "ilheus", "feiradeSantana"],
    "Rota5": ["ilheus", "feiradeSantana", "salvador"],
    "Rota6": ["ilheus", "salvador", "feiradeSantana"]
  }
}
